GSTIN/UIN of Recipient,Receiver Name,Invoice Number,Invoice date,Invoice Value,Taxable Value,Reverse Charge,Invoice Type,E-Commerce GSTIN,Rate,Integrated Tax,Central Tax,State/UT Tax,Cess Amount,Place Of Supply,Applicable % of Tax Rate
29AABCB6322L1ZK,Agile Labs,INV-000007,12-Oct-2023,75520.00,64000.00,N,Regular,,18.00,0.00,5760.00,5760.00,0.00,29-Karnataka,
27AAACM6094R1ZP,Angel One Limited,INV-000008,11-Oct-2023,100300.00,85000.00,N,Regular,,18.00,15300.00,0.00,0.00,0.00,27-Maharashtra,
27AAACM6094R1ZP,Angel One Limited,INV-000009,19-Oct-2023,88500.00,75000.00,N,Regular,,18.00,13500.00,0.00,0.00,0.00,27-Maharashtra,
27AAACM6094R1ZP,Angel One Limited,INV-000010,25-Oct-2023,53100.00,45000.00,N,Regular,,18.00,8100.00,0.00,0.00,0.00,27-Maharashtra,
29AABCB6322L1ZK,Agile Labs,INV-000011,19-Oct-2023,87320.00,74000.00,N,Regular,,18.00,0.00,6660.00,6660.00,0.00,29-Karnataka,
29AABCB6322L1ZK,Agile Labs,INV-000012,19-Oct-2023,63720.00,54000.00,N,Regular,,18.00,0.00,4860.00,4860.00,0.00,29-Karnataka,
